commit_id,commit_message,author,date,label
1,Fixed bug in payment module,Srinija,2024-12-01,bugfix
2,Added support for user authentication,Srinija,2024-12-02,feature
3,Refactored logging system for performance,Srinija,2024-12-03,refactor
4,Updated README and contributing guidelines,Srinija,2024-12-04,docs
5,Improved error handling in checkout service,Srinija,2024-12-05,enhancement
6,Removed unused imports and dead code,Srinija,2024-12-06,cleanup
7,Added unit tests for login flow,Srinija,2024-12-07,test
8,Fix null pointer exception in order summary,Srinija,2024-12-08,bugfix
9,Implemented product recommendation system,Srinija,2024-12-09,feature
10,Rewrote legacy API with modern async code,Srinija,2024-12-10,refactor

